303,0.094,-1.129,-2.775,-8.287,2.37,6,1.07,0.4,0.428,0.59,0.2,0.118,1.66,5,0.2,1,0,0.2,0,2,0.2,0.4,0,0.2,0,2.2,1.946,0.4,0.5,0.3892
207,0.048,-1.607,-1.438,-0.217,2.72,13,3.84,0.6,2.304,144.39,0.6,86.634,148.23,5,0.2,1,19.68,0.6,11.808,2,0.4,0.8,1,0.4,0.4,4.4,102.946,1.2,0.5,61.7676
159,0.739,-1.084,-2.865,-6.05,3.41,41,9.67,0.6,5.802,62.25,0.6,37.35,71.92,5.5,0.4,2.2,17.02,0.6,10.212,2,0.2,0.4,0,0.2,0,4.4,55.964,0.4,0.5,11.1928
626,-0.8,-1.778,0.612,1.26,55.57,8,0.84,0.2,0.168,0,0.2,0,0.84,5,0.2,1,0,0.2,0,4,0.2,0.8,0,0.2,0,2.2,1.968,0.8,0.5,0.7872
302,0.834,-1.616,-4.408,-0.579,2.37,12,0.42,0.2,0.084,0.27,0.2,0.054,0.69,5,0.2,1,0,0.2,0,2,0.2,0.4,0,0.2,0,2,1.538,0.4,0.5,0.3076
602,0.052,0.503,-3.124,-8.185,55.57,1,0,0.2,0,0,0.2,0,0,5,0.2,1,0,0.2,0,6,0.2,1.2,0,0.2,0,2.4,2.2,1.2,0.5,1.32
447,0.349,-0.103,-4.861,-1.624,1.85,18,7.2,0.6,4.32,0.43,0.2,0.086,7.63,5,0.2,1,0.01,0.2,0.002,2,0.2,0.4,0,0.2,0,2.4,5.808,0.4,0.5,1.1616
260,-0.401,-1.674,-4.091,-5.216,2.72,12,0.77,0.2,0.154,0,0.2,0,0.77,5,0.2,1,4.6,0.2,0.92,2,0.2,0.4,0,0.2,0,2,2.474,0.4,0.5,0.4948
108,-0.385,0.07,-4.073,1.299,3.89,15,7.18,0.6,4.308,14.63,0.6,8.778,21.81,5,0.2,1,98.75,0.6,59.25,2,0.2,0.4,0,0.2,0,4,73.736,0.4,0.5,14.7472
13,-0.026,-1.397,-0.707,-2.584,3.89,8,5.47,0.6,3.282,7.63,0.4,3.052,13.1,5,0.2,1,10.43,0.6,6.258,2,0.2,0.4,1,0.4,0.4,3.6,14.392,0.8,0.5,5.7568
68,-0.257,-0.737,0.961,-1.335,3.89,12,13.92,0.6,8.352,2.2,0.2,0.44,16.12,5,0.2,1,0.05,0.2,0.01,2,0.2,0.4,0,0.2,0,2.4,10.202,0.4,0.5,2.0404
690,-0.122,-0.224,-1.215,-3.62,55.57,12,0,0.2,0,0,0.2,0,0,5,0.2,1,3.57,0.2,0.714,2,0.2,0.4,0,0.2,0,2,2.114,0.4,0.5,0.4228
379,0.964,-1.051,-3.396,-3.438,1.99,16,0.56,0.2,0.112,0,0.2,0,0.56,5,0.2,1,0,0.2,0,4,0.2,0.8,0,0.2,0,2.2,1.912,0.8,0.5,0.7648
344,-0.036,0.077,-1.601,-8.815,1.99,8,0.58,0.2,0.116,0,0.2,0,0.58,5,0.2,1,0,0.2,0,2,0.2,0.4,0,0.2,0,2,1.516,0.4,0.5,0.3032
189,-0.803,-2.891,0.079,-6.226,3.41,14,0,0.2,0,0,0.2,0,0,5,0.2,1,0,0.2,0,2,0.2,0.4,0,0.2,0,2,1.4,0.4,0.5,0.28
152,0.189,-0.132,-2.202,-5.17,3.41,29,12.29,0.6,7.374,25.74,0.6,15.444,38.03,5,0.2,1,22.1,0.6,13.26,2,0.4,0.8,0,0.2,0,4.2,37.878,0.8,0.5,15.1512
420,0.668,-1.652,0.724,-10.884,1.85,9,0.64,0.2,0.128,0.95,0.2,0.19,1.59,5,0.2,1,0,0.2,0,2,0.2,0.4,1,0.4,0.4,2.2,2.118,0.8,0.5,0.8472
433,0.359,-1.149,-6.641,-6.159,1.85,9,2.81,0.6,1.686,0.41,0.2,0.082,3.22,5,0.2,1,0,0.2,0,2,0.2,0.4,0,0.2,0,2.4,3.168,0.4,0.5,0.6336
249,0.464,-0.604,1.244,-3.872,2.72,1,1.14,0.4,0.456,0,0.2,0,1.14,5,0.2,1,0.71,0.2,0.142,2,0.2,0.4,0,0.2,0,2.2,1.998,0.4,0.5,0.3996
158,0.63,-2.167,-3.523,-6.223,3.41,40,10.37,0.6,6.222,105.56,0.6,63.336,115.93,9,0.6,5.4,52.13,0.6,31.278,2,0.2,0.4,0,0.2,0,4.8,106.636,0.4,0.5,21.3272
350,0.637,0.328,-1.608,-1.168,1.99,8,1.89,0.4,0.756,0,0.2,0,1.89,5,0.2,1,0,0.2,0,2,0.2,0.4,0,0.2,0,2.2,2.156,0.4,0.5,0.4312
487,0.774,-1.624,-3.3,-9.421,2.34,2,3.95,0.6,2.37,0,0.2,0,0,5.5,0.4,2.2,83.96,0.6,50.376,6,0.2,1.2,1,0.4,0.4,3.8,56.546,1.6,0.5,45.2368
479,0.286,-0.428,-1.805,-1.342,1.85,2,3.31,0.6,1.986,0.17,0.2,0.034,3.48,5,0.2,1,0,0.2,0,2,0.2,0.4,0,0.2,0,2.4,3.42,0.4,0.5,0.684
692,0.918,-1.227,-2.916,-3.761,55.57,12,0,0.2,0,0,0.2,0,0,5,0.2,1,0,0.2,0,2,0.2,0.4,0,0.2,0,2,1.4,0.4,0.5,0.28
643,0.417,-0.428,-2.24,-1.783,55.57,4,0.28,0.2,0.056,0.25,0.2,0.05,0.53,5,0.2,1,0,0.2,0,2,0.2,0.4,0,0.2,0,2,1.506,0.4,0.5,0.3012
25,-0.131,-0.754,-4.632,-4.424,3.89,4,5.78,0.6,3.468,57.92,0.6,34.752,63.7,5,0.2,1,11.16,0.6,6.696,2,0.2,0.4,0,0.2,0,4,46.316,0.4,0.5,9.2632
425,-0.625,-1.87,-6.669,-1.424,1.85,12,2.89,0.6,1.734,0.11,0.2,0.022,3,5,0.2,1,0.04,0.2,0.008,2,0.2,0.4,0,0.2,0,2.4,3.164,0.4,0.5,0.6328
157,-0.803,-0.285,1.907,0.412,3.41,15,12.17,0.6,7.302,47,0.6,28.2,59.17,6,0.6,3.6,10.14,0.6,6.084,2,0.2,0.4,0,0.2,0,4.8,45.586,0.4,0.5,9.1172
651,0.099,-1.378,-0.747,-4.464,55.57,5,0.71,0.2,0.142,0,0.2,0,0.71,5,0.2,1,0,0.2,0,2,0.2,0.4,0,0.2,0,2,1.542,0.4,0.5,0.3084
514,0.465,0.039,-1.776,-1.983,21.61,16,0.72,0.2,0.144,0.8,0.2,0.16,1.52,5,0.2,1,0.02,0.2,0.004,2,0.2,0.4,0,0.2,0,2,1.708,0.4,0.5,0.3416
665,-0.216,-1.415,-0.728,-1.408,55.57,19,1.49,0.4,0.596,0,0.2,0,1.49,5,0.2,1,0,0.2,0,2,0.2,0.4,0,0.2,0,2.2,1.996,0.4,0.5,0.3992
439,0.038,-1.689,-1.236,-0.825,1.85,4,2.48,0.6,1.488,0.1,0.2,0.02,2.58,5,0.2,1,0,0.2,0,2,0.2,0.4,0,0.2,0,2.4,2.908,0.4,0.5,0.5816
326,0.229,-0.747,-1.5,-3.726,2.37,2,7.59,0.6,4.554,1.47,0.4,0.588,9.06,5.5,0.4,2.2,36.29,0.6,21.774,6,0.2,1.2,0,0.2,0,4.2,30.316,1.2,0.5,18.1896
544,-0.544,0.065,-3.575,-5.088,59.85,11,0,0.2,0,0,0.2,0,0,5,0.2,1,0.7,0.2,0.14,2,0.2,0.4,0,0.2,0,2,1.54,0.4,0.5,0.308
90,-0.922,-0.695,-1.628,-0.699,3.89,32,5.37,0.6,3.222,8.62,0.4,3.448,13.99,5,0.2,1,17.16,0.6,10.296,4,0.2,0.8,0,0.2,0,3.6,18.766,0.8,0.5,7.5064
506,-0.197,-2.68,-2.117,1.463,21.61,19,0.31,0.2,0.062,0.28,0.2,0.056,0.59,5,0.2,1,0,0.2,0,2,0.2,0.4,0,0.2,0,2,1.518,0.4,0.5,0.3036
160,-0.04,-2.467,-4.982,-0.791,3.41,42,3.77,0.6,2.262,40.86,0.6,24.516,44.63,5,0.2,1,18,0.6,10.8,2,0.2,0.4,0,0.2,0,4,38.978,0.4,0.5,7.7956
661,0.79,1.501,-0.824,-6.788,55.57,8,1.14,0.4,0.456,0,0.2,0,1.14,5,0.2,1,0,0.2,0,4,0.2,0.8,0,0.2,0,2.4,2.256,0.8,0.5,0.9024
531,0.123,0.403,-1.278,-6.149,21.61,12,0.19,0.2,0.038,0.23,0.2,0.046,0.42,5,0.2,1,0,0.2,0,2,0.2,0.4,0,0.2,0,2,1.484,0.4,0.5,0.2968
171,0.878,-0.622,-3.928,-1.098,3.41,2,1.18,0.4,0.472,0,0.2,0,1.18,5.5,0.4,2.2,183.2,0.6,109.92,2,0.4,0.8,0,0.2,0,3.2,113.392,0.8,0.5,45.3568
179,0.781,-0.721,-1.886,-3.233,3.41,15,1.01,0.4,0.404,0,0.2,0,1.01,5,0.2,1,0.28,0.2,0.056,2,0.2,0.4,0,0.2,0,2.2,1.86,0.4,0.5,0.372
684,0.526,-0.564,-2.124,-3.243,55.57,11,0.41,0.2,0.082,0.11,0.2,0.022,0.52,5,0.2,1,0,0.2,0,2,0.2,0.4,0,0.2,0,2,1.504,0.4,0.5,0.3008
387,-0.332,-0.915,-3.4,0.365,1.85,2,11.24,0.6,6.744,9.49,0.6,5.694,20.73,5.5,0.4,2.2,173.02,0.6,103.812,2,0.2,0.4,0,0.2,0,4.4,118.85,0.4,0.5,23.77
112,-0.872,-0.102,-1.671,-1.08,3.89,13,0,0.2,0,0.87,0.2,0.174,0.87,5,0.2,1,0,0.2,0,2,0.2,0.4,0,0.2,0,2,1.574,0.4,0.5,0.3148
243,-0.909,-1.272,-0.914,-8.995,2.72,1,4.36,0.6,2.616,33.91,0.6,20.346,38.27,5.5,0.4,2.2,6.06,0.4,2.424,6,0.4,2.4,0,0.2,0,4.8,29.986,2.4,0.5,35.9832
617,-0.716,-0.121,-3.299,-4.516,55.57,16,0.49,0.2,0.098,0,0.2,0,0.49,5,0.2,1,0,0.2,0,2,0.2,0.4,0,0.2,0,2,1.498,0.4,0.5,0.2996
309,0.135,-1.159,-5.146,-7.375,2.37,8,0.53,0.2,0.106,5.4,0.6,3.24,5.93,5,0.2,1,0.72,0.2,0.144,2,0.2,0.4,0,0.2,0,3.2,4.89,0.4,0.5,0.978
55,-0.966,0.18,-5.729,-5.505,3.89,9,6.32,0.6,3.792,9.01,0.4,3.604,15.33,5,0.2,1,8.31,0.4,3.324,2,0.2,0.4,0,0.2,0,3.2,12.12,0.4,0.5,2.424
678,0.075,0.346,0.001,1.124,55.57,9,0.92,0.2,0.184,0,0.2,0,0.92,5,0.2,1,0,0.2,0,2,0.2,0.4,0,0.2,0,2,1.584,0.4,0.5,0.3168
104,-0.917,-1.846,-2.747,-4.068,3.89,15,0,0.2,0,1.88,0.2,0.376,1.88,5,0.2,1,0,0.2,0,2,0.2,0.4,0,0.2,0,2,1.776,0.4,0.5,0.3552
354,-0.217,-0.14,-3.348,-1.996,1.99,14,1.26,0.4,0.504,0,0.2,0,1.26,5,0.2,1,0,0.2,0,2,0.2,0.4,0,0.2,0,2.2,1.904,0.4,0.5,0.3808
723,-0.03,-0.28,-5.601,-2.139,55.57,32,0.3,0.2,0.06,0.0023,0.2,0.00046,0.3023,5,0.2,1,0,0.2,0,2,0.2,0.4,0,0.2,0,2,1.46046,0.4,0.5,0.292092
191,0.169,-0.728,-3.866,-1.622,2.72,18,5.11,0.6,3.066,53.76,0.6,32.256,58.87,6,0.6,3.6,48.56,0.6,29.136,2,0.2,0.4,2,0.6,1.2,5.2,69.658,1.6,0.5,55.7264
443,0.735,-0.345,-2.882,-5.616,1.85,15,11.44,0.6,6.864,1.41,0.4,0.564,12.85,5,0.2,1,0.04,0.2,0.008,2,0.2,0.4,0,0.2,0,3,8.836,0.4,0.5,1.7672
95,0.699,-0.548,0.427,1.184,3.89,16,4.95,0.6,2.97,42.61,0.6,25.566,47.56,5,0.2,1,3.46,0.2,0.692,6,0.2,1.2,1,0.4,0.4,4.2,31.828,1.6,0.5,25.4624
368,0.89,-0.955,-6.325,1.741,1.99,12,1.65,0.4,0.66,0,0.2,0,1.65,5,0.2,1,0.01,0.2,0.002,2,0.2,0.4,0,0.2,0,2.2,2.062,0.4,0.5,0.4124
361,0.374,0.173,-0.969,-3.928,1.99,19,3.02,0.6,1.812,0,0.2,0,3.02,5,0.2,1,0,0.2,0,6,0.2,1.2,0,0.2,0,2.8,4.012,1.2,0.5,2.4072
469,0.599,-0.875,-4.789,5.07,1.85,16,0.88,0.2,0.176,1.5,0.4,0.6,2.38,5,0.2,1,0.19,0.2,0.038,2,0.2,0.4,0,0.2,0,2.6,2.214,0.4,0.5,0.4428
321,-0.845,-1.944,-5.727,-2.081,2.37,2,0,0.2,0,0,0.2,0,0,5,0.2,1,0,0.2,0,6,0.2,1.2,0,0.2,0,2.4,2.2,1.2,0.5,1.32
35,0.463,-1.034,-2.016,-2.089,3.89,5,0,0.2,0,0.43,0.2,0.086,0.43,5,0.2,1,0,0.2,0,2,0.2,0.4,0,0.2,0,2,1.486,0.4,0.5,0.2972
382,-0.115,0.038,-2.655,-3.987,1.99,15,1.46,0.4,0.584,0,0.2,0,1.46,5,0.2,1,0,0.2,0,2,0.2,0.4,0,0.2,0,2.2,1.984,0.4,0.5,0.3968
116,-0.591,-1.701,-1.301,-5.825,3.41,18,1.98,0.4,0.792,51.42,0.6,30.852,53.4,5.5,0.4,2.2,20.33,0.6,12.198,2,0.2,0.4,1,0.4,0.4,4.4,46.842,0.8,0.5,18.7368
621,-0.807,-2.766,0.138,-5.489,55.57,25,0.5,0.2,0.1,0,0.2,0,0.5,5,0.2,1,0,0.2,0,2,0.2,0.4,0,0.2,0,2,1.5,0.4,0.5,0.3
218,0.359,-0.852,-1.968,-5.251,2.72,4,1.73,0.4,0.692,5.64,0.4,2.256,7.37,5,0.2,1,13.35,0.6,8.01,2,0.2,0.4,0,0.2,0,3.2,12.358,0.4,0.5,2.4716
397,0.595,1.611,-3.561,1.085,1.85,8,0,0.2,0,0,0.2,0,0,5,0.2,1,10.53,0.6,6.318,4,0.2,0.8,0,0.2,0,2.6,8.118,0.8,0.5,3.2472
660,-0.379,-1.252,-2.23,-5.269,55.57,19,1.1,0.4,0.44,0,0.2,0,1.1,5,0.2,1,0,0.2,0,2,0.2,0.4,0,0.2,0,2.2,1.84,0.4,0.5,0.368
333,0.387,-1.958,-4.131,-10.73,2.37,5,0.14,0.2,0.028,0.08,0.2,0.016,0.22,5,0.2,1,0,0.2,0,2,0.2,0.4,0,0.2,0,2,1.444,0.4,0.5,0.2888
746,0.945,-0.544,0.182,-2.639,55.57,13,0.84,0.2,0.168,0,0.2,0,0.84,5,0.2,1,0,0.2,0,2,0.2,0.4,0,0.2,0,2,1.568,0.4,0.5,0.3136
352,-0.149,-2.403,0.784,-6.121,1.99,31,0.76,0.2,0.152,0,0.2,0,0.76,5,0.2,1,7.48,0.4,2.992,2,0.2,0.4,0,0.2,0,2.2,4.544,0.4,0.5,0.9088
770,0.46,-0.94,-1.462,-1.754,55.57,14,0.24,0.2,0.048,0.04,0.2,0.008,0.28,5,0.2,1,0,0.2,0,2,0.2,0.4,0,0.2,0,2,1.456,0.4,0.5,0.2912
731,-0.314,-0.996,-2.52,-3.294,55.57,16,0.2,0.2,0.04,0,0.2,0,0.2,5,0.2,1,0,0.2,0,2,0.2,0.4,0,0.2,0,2,1.44,0.4,0.5,0.288
719,0.532,-2.238,-2.148,-4.949,55.57,9,1.06,0.4,0.424,0,0.2,0,1.06,5,0.2,1,0,0.2,0,2,0.2,0.4,0,0.2,0,2.2,1.824,0.4,0.5,0.3648
15,0.176,-1.605,-2.654,-2.572,3.89,8,0,0.2,0,0.84,0.2,0.168,0.84,5,0.2,1,0.007,0.2,0.0014,2,0.2,0.4,0,0.2,0,2,1.5694,0.4,0.5,0.31388
634,-0.174,-1.997,-0.818,-8.023,55.57,8,1.67,0.4,0.668,0,0.2,0,1.67,5,0.2,1,0.06,0.2,0.012,4,0.2,0.8,0,0.2,0,2.4,2.48,0.8,0.5,0.992
695,0.649,0.104,-5.466,-2.235,55.57,12,0.7,0.2,0.14,0,0.2,0,0.7,5,0.2,1,0,0.2,0,2,0.2,0.4,0,0.2,0,2,1.54,0.4,0.5,0.308
339,-0.849,-1.697,-1.769,-0.988,2.37,2,1.66,0.4,0.664,0.83,0.2,0.166,2.49,5,0.2,1,0.31,0.2,0.062,6,0.2,1.2,0,0.2,0,2.6,3.092,1.2,0.5,1.8552
444,0.985,0.219,0.772,-1.452,1.85,13,4.99,0.6,2.994,0.64,0.2,0.128,5.63,5,0.2,1,0,0.2,0,2,0.2,0.4,0,0.2,0,2.4,4.522,0.4,0.5,0.9044
233,-0.227,-1.202,-5.258,-5.616,2.72,19,2.13,0.6,1.278,0.59,0.2,0.118,2.72,5,0.2,1,0.76,0.2,0.152,2,0.2,0.4,0,0.2,0,2.4,2.948,0.4,0.5,0.5896
47,-0.462,1.046,-7.155,-3.559,3.89,21,0,0.2,0,15.38,0.6,9.228,15.38,5,0.2,1,126.13,0.6,75.678,2,0.2,0.4,0,0.2,0,3.6,86.306,0.4,0.5,17.2612
406,0.814,-1.029,-3.033,-6.443,1.85,14,5.13,0.6,3.078,0.09,0.2,0.018,5.22,5,0.2,1,0.01,0.2,0.002,2,0.2,0.4,0,0.2,0,2.4,4.498,0.4,0.5,0.8996
523,-0.511,-1.115,-0.427,-8.43,21.61,14,0,0.2,0,0,0.2,0,0,5,0.2,1,0,0.2,0,2,0.2,0.4,0,0.2,0,2,1.4,0.4,0.5,0.28
39,0.534,-1.226,-3.153,-4.77,3.89,19,11.95,0.6,7.17,30.9,0.6,18.54,42.85,5,0.2,1,32.68,0.6,19.608,2,0.2,0.4,0,0.2,0,4,46.718,0.4,0.5,9.3436
441,0.62,-2.245,-1.302,-4.346,1.85,15,3.83,0.6,2.298,0.28,0.2,0.056,4.11,5,0.2,1,0,0.2,0,2,0.2,0.4,0,0.2,0,2.4,3.754,0.4,0.5,0.7508
573,0.774,-0.505,-3.625,-4.678,59.85,43,0,0.2,0,0,0.2,0,0,5,0.2,1,0,0.2,0,2,0.2,0.4,0,0.2,0,2,1.4,0.4,0.5,0.28
131,0.661,0.905,-3.1,-2.761,3.41,13,15.66,0.6,9.396,74.53,0.6,44.718,90.19,5,0.2,1,29.07,0.6,17.442,2,0.2,0.4,0,0.2,0,4,72.956,0.4,0.5,14.5912
552,-0.559,-0.264,-2.723,-4.474,59.85,15,0,0.2,0,0,0.2,0,0,5,0.2,1,2.39,0.2,0.478,2,0.2,0.4,0,0.2,0,2,1.878,0.4,0.5,0.3756
121,0.812,-1.799,-0.822,-6.917,3.41,39,9.97,0.6,5.982,88.73,0.6,53.238,98.7,5,0.2,1,10.27,0.6,6.162,2,0.2,0.4,0,0.2,0,4,66.782,0.4,0.5,13.3564
424,0.176,-0.045,-0.503,-2.193,1.85,11,0.44,0.2,0.088,0.62,0.2,0.124,1.06,5,0.2,1,0.64,0.2,0.128,2,0.2,0.4,0,0.2,0,2,1.74,0.4,0.5,0.348
114,-0.862,-0.425,-6.766,-3.88,3.89,6,0,0.2,0,0.23,0.2,0.046,0.23,5,0.2,1,0,0.2,0,2,0.2,0.4,0,0.2,0,2,1.446,0.4,0.5,0.2892
579,0.392,0.535,-1.128,-1.448,55.57,8,0.95,0.2,0.19,0.72,0.2,0.144,1.67,5,0.2,1,0,0.2,0,4,0.2,0.8,0,0.2,0,2.2,2.134,0.8,0.5,0.8536
62,-0.887,0.795,-4.049,-2.416,3.89,11,1.26,0.4,0.504,0.05,0.2,0.01,1.31,5,0.2,1,0,0.2,0,2,0.2,0.4,0,0.2,0,2.2,1.914,0.4,0.5,0.3828
748,0.589,-0.945,-2.67,-1.06,55.57,13,1.29,0.4,0.516,0,0.2,0,1.29,5,0.2,1,0,0.2,0,2,0.2,0.4,0,0.2,0,2.2,1.916,0.4,0.5,0.3832
632,-0.363,-2.707,-3.24,-4.647,55.57,8,0.99,0.2,0.198,0,0.2,0,0.99,5,0.2,1,0,0.2,0,4,0.2,0.8,0,0.2,0,2.2,1.998,0.8,0.5,0.7992
707,0.184,-1.421,-5.878,-2.614,55.57,29,0,0.2,0,0.81,0.2,0.162,0.81,5,0.2,1,0,0.2,0,2,0.2,0.4,0,0.2,0,2,1.562,0.4,0.5,0.3124
733,0.781,0.609,-3.487,1.197,55.57,15,0.4,0.2,0.08,0.0025,0.2,0.0005,0.4025,5,0.2,1,0,0.2,0,2,0.2,0.4,0,0.2,0,2,1.4805,0.4,0.5,0.2961
244,0.837,-2.002,-1.544,-0.24,2.72,2,2.23,0.6,1.338,4.54,0.2,0.908,6.77,5,0.2,1,22.8,0.6,13.68,6,0.2,1.2,0,0.2,0,3.2,18.126,1.2,0.5,10.8756
525,-0.281,-1.024,-0.344,-5.178,21.61,4,0.67,0.2,0.134,0.76,0.2,0.152,1.43,5,0.2,1,0,0.2,0,2,0.2,0.4,0,0.2,0,2,1.686,0.4,0.5,0.3372
442,0.891,-2.746,-3.697,-5.229,1.85,15,3.74,0.6,2.244,0.55,0.2,0.11,4.29,5,0.2,1,0,0.2,0,2,0.2,0.4,0,0.2,0,2.4,3.754,0.4,0.5,0.7508
193,-0.973,-2.633,-3.429,0.385,2.72,39,4.05,0.6,2.43,21.66,0.6,12.996,25.71,5.5,0.4,2.2,18.45,0.6,11.07,2,0.2,0.4,0,0.2,0,4.4,29.096,0.4,0.5,5.8192
16,0.741,-0.704,-1.355,-2.601,3.89,13,1.95,0.4,0.78,9.01,0.4,3.604,10.96,5,0.2,1,9,0.4,3.6,2,0.2,0.4,0,0.2,0,3,9.384,0.4,0.5,1.8768
401,-0.876,-2.086,-2.876,-4.746,1.85,31,3.05,0.6,1.83,0.05,0.2,0.01,3.1,5,0.2,1,0,0.2,0,2,0.2,0.4,0,0.2,0,2.4,3.24,0.4,0.5,0.648
103,0.911,-0.701,0.021,-3.688,3.89,33,2.57,0.6,1.542,4.49,0.2,0.898,7.06,5,0.2,1,7.56,0.4,3.024,2,0.2,0.4,1,0.4,0.4,2.8,7.264,0.8,0.5,2.9056
215,0.552,-0.021,-2.964,-2.919,2.72,4,5.65,0.6,3.39,67.16,0.6,40.296,72.81,6,0.6,3.6,27.23,0.6,16.338,2,0.2,0.4,0,0.2,0,4.8,64.024,0.4,0.5,12.8048
391,-0.715,-0.573,-2.406,-2.977,1.85,8,0.95,0.2,0.19,1.33,0.4,0.532,2.28,5,0.2,1,0.07,0.2,0.014,4,0.2,0.8,0,0.2,0,2.8,2.536,0.8,0.5,1.0144
349,-0.238,-0.611,-1.202,-2.3,1.99,40,0.93,0.2,0.186,0,0.2,0,0.93,5,0.2,1,0.11,0.2,0.022,2,0.2,0.4,0,0.2,0,2,1.608,0.4,0.5,0.3216
581,0.981,-0.481,-0.962,-9.575,55.57,2,2.59,0.6,1.554,111.9,0.6,67.14,114.49,5,0.2,1,8.47,0.4,3.388,6,0.2,1.2,0,0.2,0,4.2,74.282,1.2,0.5,44.5692
585,0.856,1.703,-2.663,-6.402,55.57,5,0.7,0.2,0.14,0.19,0.2,0.038,0.89,5,0.2,1,0,0.2,0,2,0.2,0.4,0,0.2,0,2,1.578,0.4,0.5,0.3156
308,-0.12,0.021,-3.565,-1.915,2.37,8,0.66,0.2,0.132,1.37,0.4,0.548,2.03,5,0.2,1,0.84,0.2,0.168,4,0.2,0.8,0,0.2,0,2.8,2.648,0.8,0.5,1.0592
755,-0.821,-1.146,-3.423,-0.381,55.57,22,0.49,0.2,0.098,0.55,0.2,0.11,1.04,5,0.2,1,0,0.2,0,2,0.2,0.4,0,0.2,0,2,1.608,0.4,0.5,0.3216
197,0.046,0.16,-0.554,-1.807,2.72,8,3.62,0.6,2.172,44.28,0.6,26.568,47.9,5,0.2,1,44.67,0.6,26.802,2,0.2,0.4,0,0.2,0,4,56.942,0.4,0.5,11.3884
296,-0.992,-1.102,0.866,-0.733,2.37,18,1.65,0.4,0.66,0.02,0.2,0.004,1.67,5,0.2,1,2.47,0.2,0.494,2,0.2,0.4,0,0.2,0,2.2,2.558,0.4,0.5,0.5116
547,0.849,0.192,0.627,-6.393,59.85,29,0.03,0.2,0.006,0,0.2,0,0.03,5,0.2,1,1.22,0.2,0.244,2,0.2,0.4,0,0.2,0,2,1.65,0.4,0.5,0.33
225,0.174,-1.881,-5.986,-5.62,2.72,16,3.26,0.6,1.956,2.81,0.2,0.562,6.07,6,0.6,3.6,21.6,0.6,12.96,4,0.2,0.8,0,0.2,0,3.8,19.878,0.8,0.5,7.9512
625,-0.28,-0.998,-0.756,1.484,55.57,37,0.17,0.2,0.034,0,0.2,0,0.17,5,0.2,1,0,0.2,0,2,0.2,0.4,0,0.2,0,2,1.434,0.4,0.5,0.2868
556,-0.518,-2.747,-3.386,-2.555,59.85,4,0.15,0.2,0.03,0,0.2,0,0.15,5,0.2,1,0.05,0.2,0.01,2,0.2,0.4,0,0.2,0,2,1.44,0.4,0.5,0.288
462,-0.212,0.153,-1.873,-1.753,1.85,22,7.84,0.6,4.704,2.81,0.6,1.686,10.65,5,0.2,1,0,0.2,0,2,0.4,0.8,0,0.2,0,3.8,8.19,0.8,0.5,3.276
14,0.13,-1.689,-1.564,4.896,3.89,8,1.09,0.4,0.436,0.35,0.2,0.07,1.44,5,0.2,1,0,0.2,0,2,0.2,0.4,0,0.2,0,2.2,1.906,0.4,0.5,0.3812
227,0.261,-1.601,-4.994,-8.737,2.72,8,5.61,0.6,3.366,99.33,0.6,59.598,104.94,6.5,0.6,3.9,76.47,0.6,45.882,2,0.2,0.4,0,0.2,0,4.8,113.146,0.4,0.5,22.6292
538,-0.525,-1.872,-3.336,-1.144,59.85,8,0,0.2,0,0,0.2,0,0,5,0.2,1,0.29,0.2,0.058,2,0.2,0.4,0,0.2,0,2,1.458,0.4,0.5,0.2916
760,-0.283,-2.542,0.59,-3.06,55.57,36,0.02,0.2,0.004,0,0.2,0,0.02,5,0.2,1,0,0.2,0,2,0.2,0.4,0,0.2,0,2,1.404,0.4,0.5,0.2808
300,-0.518,-4.156,-0.25,2.918,2.37,12,0.39,0.2,0.078,0.14,0.2,0.028,0.53,5,0.2,1,0.58,0.2,0.116,2,0.2,0.4,0,0.2,0,2,1.622,0.4,0.5,0.3244
269,-0.18,-0.38,-3.231,-1.603,2.72,19,0.85,0.2,0.17,0,0.2,0,0.85,5,0.2,1,0,0.2,0,2,0.2,0.4,0,0.2,0,2,1.57,0.4,0.5,0.314
111,0.566,-0.892,-4.469,-7.254,3.89,13,2.63,0.6,1.578,2.55,0.2,0.51,5.18,5,0.2,1,0,0.2,0,2,0.2,0.4,0,0.2,0,2.4,3.488,0.4,0.5,0.6976
496,-0.806,-0.415,-0.584,-4.074,21.61,2,3.14,0.6,1.884,5.68,0.6,3.408,8.82,5.5,0.4,2.2,11.33,0.6,6.798,4,0.2,0.8,0,0.2,0,4.6,15.09,0.8,0.5,6.036
319,0.608,-1.133,0.9,-4.738,2.37,5,0.26,0.2,0.052,0.17,0.2,0.034,0.43,5,0.2,1,0,0.2,0,2,0.2,0.4,0,0.2,0,2,1.486,0.4,0.5,0.2972
530,-0.249,-0.661,-5.659,2.02,21.61,8,0.38,0.2,0.076,0.48,0.2,0.096,0.86,5,0.2,1,0.33,0.2,0.066,2,0.2,0.4,0,0.2,0,2,1.638,0.4,0.5,0.3276
141,0.605,-0.545,-1.314,-0.553,3.41,16,12.68,0.6,7.608,41,0.6,24.6,53.68,5.5,0.4,2.2,11.88,0.6,7.128,2,0.2,0.4,0,0.2,0,4.4,41.936,0.4,0.5,8.3872
259,0.195,-0.205,-0.476,-3.945,2.72,9,0,0.2,0,0,0.2,0,0,5,0.2,1,0,0.2,0,2,0.2,0.4,0,0.2,0,2,1.4,0.4,0.5,0.28
30,-0.055,-2.007,-2.806,-0.301,3.89,37,0,0.2,0,0.75,0.2,0.15,0.75,5,0.2,1,6.78,0.4,2.712,2,0.2,0.4,0,0.2,0,2.2,4.262,0.4,0.5,0.8524
342,-0.743,-1.339,-3.201,-2.471,2.37,2,0,0.2,0,0,0.2,0,0,5,0.2,1,0.23,0.2,0.046,6,0.2,1.2,0,0.2,0,2.4,2.246,1.2,0.5,1.3476
355,-0.583,-1.98,-2.465,1.465,1.99,5,0.29,0.2,0.058,0,0.2,0,0.29,5,0.2,1,0.06,0.2,0.012,2,0.2,0.4,0,0.2,0,2,1.47,0.4,0.5,0.294
301,0.206,-1.507,2.024,1.915,2.37,19,1,0.4,0.4,1.1,0.4,0.44,2.1,5,0.2,1,0,0.2,0,2,0.2,0.4,0,0.2,0,2.8,2.24,0.4,0.5,0.448
457,0.256,-1.788,-0.472,-5.734,1.85,9,7.07,0.6,4.242,0.72,0.2,0.144,7.79,5,0.2,1,0,0.2,0,2,0.2,0.4,0,0.2,0,2.4,5.786,0.4,0.5,1.1572
726,-0.588,-2.792,-4.059,0.257,55.57,16,1.19,0.4,0.476,0,0.2,0,1.19,5,0.2,1,0,0.2,0,2,0.2,0.4,0,0.2,0,2.2,1.876,0.4,0.5,0.3752
408,0.092,-1.061,-1.048,1.118,1.85,5,7.22,0.6,4.332,0.28,0.2,0.056,7.5,5,0.2,1,0,0.2,0,2,0.2,0.4,0,0.2,0,2.4,5.788,0.4,0.5,1.1576
127,-0.594,-0.033,-3.257,1.479,3.41,12,3.21,0.6,1.926,72.07,0.6,43.242,75.28,5,0.2,1,13.79,0.6,8.274,6,0.2,1.2,1,0.4,0.4,4.6,56.042,1.6,0.5,44.8336
718,-0.357,-1.83,-0.592,-2.768,55.57,9,0.51,0.2,0.102,1.63,0.4,0.652,2.14,5,0.2,1,1.8,0.2,0.36,2,0.2,0.4,0,0.2,0,2.6,2.514,0.4,0.5,0.5028
628,0.838,0.096,-1.266,-8.886,55.57,8,0.67,0.2,0.134,0.41,0.2,0.082,1.08,5,0.2,1,0.99,0.2,0.198,4,0.2,0.8,0,0.2,0,2.2,2.214,0.8,0.5,0.8856
8,-0.654,-1.087,1.298,-3.143,3.89,8,8.5,0.6,5.1,12.03,0.6,7.218,20.53,5.5,0.4,2.2,7.79,0.4,3.116,2,0.2,0.4,0,0.2,0,4.2,18.034,0.4,0.5,3.6068
669,-0.15,-3.475,-4.281,-3.627,55.57,22,1.39,0.4,0.556,0,0.2,0,1.39,5,0.2,1,0,0.2,0,2,0.2,0.4,0,0.2,0,2.2,1.956,0.4,0.5,0.3912
545,-0.259,-1.322,-3.829,-8.462,59.85,12,0.05,0.2,0.01,0,0.2,0,0.05,5,0.2,1,0.63,0.2,0.126,2,0.2,0.4,0,0.2,0,2,1.536,0.4,0.5,0.3072
608,0.601,0.041,-3.069,-7.773,55.57,15,1.85,0.4,0.74,4.16,0.6,2.496,6.01,5,0.2,1,0.51,0.2,0.102,2,0.2,0.4,0,0.2,0,3.4,4.738,0.4,0.5,0.9476
756,-0.869,-3.137,-0.552,-0.18,55.57,14,0.84,0.2,0.168,0.65,0.2,0.13,1.49,5,0.2,1,0,0.2,0,2,0.2,0.4,0,0.2,0,2,1.698,0.4,0.5,0.3396
616,0.25,0.223,-2.752,0.887,55.57,6,0.11,0.2,0.022,0,0.2,0,0.11,5,0.2,1,0,0.2,0,2,0.2,0.4,0,0.2,0,2,1.422,0.4,0.5,0.2844
706,0.397,-1.93,-4.218,-3.615,55.57,29,0.49,0.2,0.098,0.28,0.2,0.056,0.77,5,0.2,1,0.07,0.2,0.014,2,0.2,0.4,0,0.2,0,2,1.568,0.4,0.5,0.3136
84,-0.576,-1.405,-2.39,0.252,3.89,2,0.74,0.2,0.148,1,0.2,0.2,1.74,5,0.2,1,0,0.2,0,2,0.2,0.4,0,0.2,0,2,1.748,0.4,0.5,0.3496
304,0.507,-2.255,-4.045,-0.242,2.37,28,1.29,0.4,0.516,0.25,0.2,0.05,1.54,5,0.2,1,0,0.2,0,2,0.2,0.4,0,0.2,0,2.2,1.966,0.4,0.5,0.3932
21,0.88,-2.675,-0.485,-2.592,3.89,24,6.26,0.6,3.756,14.1,0.6,8.46,20.36,5,0.2,1,34.24,0.6,20.544,2,0.2,0.4,1,0.4,0.4,4.2,34.56,0.8,0.5,13.824
508,-0.455,0.219,-4.424,-3.778,21.61,11,0.75,0.2,0.15,0.9,0.2,0.18,1.65,5,0.2,1,1.4,0.2,0.28,2,0.2,0.4,0,0.2,0,2,2.01,0.4,0.5,0.402
559,0.255,0.686,-2.313,-3.486,59.85,5,0.15,0.2,0.03,0,0.2,0,0.15,5,0.2,1,0,0.2,0,2,0.2,0.4,0,0.2,0,2,1.43,0.4,0.5,0.286
735,-0.551,0.573,-6.002,-6.529,55.57,15,0,0.2,0,0.88,0.2,0.176,0.88,5,0.2,1,0.07,0.2,0.014,2,0.2,0.4,0,0.2,0,2,1.59,0.4,0.5,0.318
5,-0.521,-1.938,-3.049,-2.681,3.89,6,0,0.2,0,0.08,0.2,0.016,0.08,5,0.2,1,0,0.2,0,2,0.2,0.4,0,0.2,0,2,1.416,0.4,0.5,0.2832
743,-0.599,-0.176,-4.828,-5.695,55.57,13,0.25,0.2,0.05,0.0017,0.2,0.00034,0.2517,5,0.2,1,0,0.2,0,2,0.2,0.4,0,0.2,0,2,1.45034,0.4,0.5,0.290068
389,-0.062,0.755,-4.985,-0.868,1.85,6,8.53,0.6,5.118,0.16,0.2,0.032,8.69,5,0.2,1,0.52,0.2,0.104,2,0.4,0.8,0,0.2,0,2.6,7.054,0.8,0.5,2.8216
139,0.122,-2.472,-0.798,-4.886,3.41,31,12.62,0.6,7.572,80.06,0.6,48.036,92.68,5.5,0.4,2.2,43.53,0.6,26.118,4,0.2,0.8,0,0.2,0,4.6,84.726,0.8,0.5,33.8904
46,0.042,-1.058,-2.888,-1.725,3.89,19,0,0.2,0,1.03,0.2,0.206,1.03,5,0.2,1,2.43,0.2,0.486,2,0.2,0.4,0,0.2,0,2,2.092,0.4,0.5,0.4184
313,0.991,-0.401,-3.443,-4.111,2.37,35,3.35,0.6,2.01,0.99,0.2,0.198,4.34,5,0.2,1,0.12,0.2,0.024,2,0.2,0.4,0,0.2,0,2.4,3.632,0.4,0.5,0.7264
633,0.997,-1.904,2.107,0.028,55.57,8,0.29,0.2,0.058,0,0.2,0,0.29,5,0.2,1,0,0.2,0,4,0.2,0.8,0,0.2,0,2.2,1.858,0.8,0.5,0.7432
70,0.174,-1.428,-1.12,-3.472,3.89,12,0,0.2,0,0.89,0.2,0.178,0.89,5,0.2,1,0,0.2,0,2,0.2,0.4,0,0.2,0,2,1.578,0.4,0.5,0.3156
175,-0.013,-1.492,-3.702,-2.134,3.41,5,0.93,0.2,0.186,0,0.2,0,0.93,5,0.2,1,0,0.2,0,2,0.2,0.4,0,0.2,0,2,1.586,0.4,0.5,0.3172
578,-0.841,-1.884,-2.002,-5.278,55.57,8,1.7,0.4,0.68,5.91,0.6,3.546,7.61,5,0.2,1,3.68,0.2,0.736,4,0.2,0.8,0,0.2,0,3.6,6.762,0.8,0.5,2.7048
118,0.09,-1.4,-1.262,-5.458,3.41,39,1.52,0.4,0.608,37.33,0.6,22.398,38.85,5.5,0.4,2.2,63.7,0.6,38.22,2,0.2,0.4,0,0.2,0,4.2,63.826,0.4,0.5,12.7652
437,0.045,0.749,-1.057,-0.164,1.85,32,1.39,0.4,0.556,1.1,0.4,0.44,2.49,5,0.2,1,0,0.2,0,2,0.2,0.4,0,0.2,0,2.8,2.396,0.4,0.5,0.4792
71,0.258,-0.87,-2.575,2.503,3.89,8,0,0.2,0,3.98,0.2,0.796,3.98,6,0.6,3.6,53.34,0.6,32.004,2,0.2,0.4,0,0.2,0,3.2,36.8,0.4,0.5,7.36
100,0.492,-0.405,-1.005,-4.659,3.89,16,6.47,0.6,3.882,12.18,0.6,7.308,18.65,5,0.2,1,25.27,0.6,15.162,6,0.2,1.2,0,0.2,0,4.4,28.552,1.2,0.5,17.1312
64,-0.788,-0.569,-0.521,2.99,3.89,12,0,0.2,0,0.79,0.2,0.158,0.79,5,0.2,1,15.82,0.6,9.492,2,0.2,0.4,0,0.2,0,2.4,11.05,0.4,0.5,2.21
375,-0.445,-1.547,-2.7,-3.618,1.99,32,1.23,0.4,0.492,0,0.2,0,1.23,5,0.2,1,0.11,0.2,0.022,2,0.2,0.4,0,0.2,0,2.2,1.914,0.4,0.5,0.3828
79,0.068,-0.95,1.148,-3.849,3.89,2,0.05,0.2,0.01,0.21,0.2,0.042,0.26,5.5,0.4,2.2,102.22,0.6,61.332,2,0.2,0.4,0,0.2,0,2.8,63.984,0.4,0.5,12.7968
331,-0.816,0.201,-5.217,-7.002,2.37,31,0,0.2,0,0,0.2,0,0,5,0.2,1,0,0.2,0,2,0.2,0.4,0,0.2,0,2,1.4,0.4,0.5,0.28
482,-0.435,-1.618,-0.212,-2.451,2.36,1,1.71,0.4,0.684,0,0.2,0,1.71,6.5,0.6,3.9,88.4,0.6,53.04,6,0.4,2.4,4,0.6,2.4,4.4,62.424,4.8,0.5,149.8176
273,-0.783,-0.558,0.174,-7.178,2.37,18,3.43,0.6,2.058,1,0.4,0.4,4.43,5.5,0.4,2.2,49.31,0.6,29.586,2,0.4,0.8,1,0.4,0.4,4.2,35.444,1.2,0.5,21.2664
480,-0.192,-0.2,-0.175,-1.397,1.85,4,2.43,0.6,1.458,0.27,0.2,0.054,2.7,5,0.2,1,0,0.2,0,2,0.2,0.4,0,0.2,0,2.4,2.912,0.4,0.5,0.5824
417,-0.546,0.659,-2.668,-7.228,1.85,19,2.05,0.6,1.23,0,0.2,0,2.05,5,0.2,1,3.53,0.2,0.706,6,0.2,1.2,0,0.2,0,2.8,4.136,1.2,0.5,2.4816
48,-0.618,-1.663,0.042,1.912,3.89,21,0,0.2,0,1.02,0.2,0.204,1.02,5,0.2,1,0,0.2,0,2,0.2,0.4,0,0.2,0,2,1.604,0.4,0.5,0.3208
362,0.299,-0.305,-3.034,0,1.99,19,0.59,0.2,0.118,0,0.2,0,0.59,5,0.2,1,0,0.2,0,6,0.2,1.2,0,0.2,0,2.4,2.318,1.2,0.5,1.3908
569,-0.841,-1.486,-4.759,-6.574,59.85,1,0,0.2,0,0,0.2,0,0,5,0.2,1,0,0.2,0,2,0.2,0.4,0,0.2,0,2,1.4,0.4,0.5,0.28
18,-0.334,-1.688,-7.216,-2.784,3.89,37,4.18,0.6,2.508,4.83,0.2,0.966,9.01,5.5,0.4,2.2,14.03,0.6,8.418,2,0.2,0.4,0,0.2,0,3.2,14.492,0.4,0.5,2.8984
600,-0.21,-1.719,0.36,-5.191,55.57,29,0.6,0.2,0.12,0.46,0.2,0.092,1.06,5,0.2,1,0,0.2,0,2,0.2,0.4,0,0.2,0,2,1.612,0.4,0.5,0.3224
177,-0.204,-1.431,-3.754,-4.015,3.41,32,0.77,0.2,0.154,0,0.2,0,0.77,5,0.2,1,0.32,0.2,0.064,2,0.2,0.4,0,0.2,0,2,1.618,0.4,0.5,0.3236
151,-0.272,-1.363,-2.194,-7.303,3.41,20,1.08,0.4,0.432,32.71,0.6,19.626,33.79,5,0.2,1,8.38,0.4,3.352,2,0.2,0.4,0,0.2,0,3.6,24.81,0.4,0.5,4.962
93,-0.777,-1.02,-4.296,-11.188,3.89,32,0,0.2,0,0.85,0.2,0.17,0.85,5,0.2,1,0,0.2,0,4,0.2,0.8,0,0.2,0,2.2,1.97,0.8,0.5,0.788
228,0.967,-1.757,-3.365,-1.205,2.72,19,3.9,0.6,2.34,27.92,0.6,16.752,31.82,5,0.2,1,47.6,0.6,28.56,2,0.2,0.4,0,0.2,0,4,49.052,0.4,0.5,9.8104
456,0.813,-0.485,-6.171,-2.263,1.85,9,5,0.6,3,0.54,0.2,0.108,5.54,5,0.2,1,0,0.2,0,2,0.2,0.4,0,0.2,0,2.4,4.508,0.4,0.5,0.9016
132,-0.077,-1.181,-1.095,-4.004,3.41,13,2.92,0.6,1.752,5.24,0.4,2.096,8.16,5,0.2,1,9.76,0.4,3.904,2,0.2,0.4,0,0.2,0,3.2,9.152,0.4,0.5,1.8304
429,0.465,-1.065,-0.707,-3,1.85,8,8.94,0.6,5.364,1.32,0.4,0.528,10.26,5,0.2,1,0.02,0.2,0.004,2,0.2,0.4,0,0.2,0,3,7.296,0.4,0.5,1.4592
685,0.184,-1.079,-1.663,-3.972,55.57,11,0.74,0.2,0.148,0,0.2,0,0.74,5,0.2,1,0.71,0.2,0.142,2,0.2,0.4,0,0.2,0,2,1.69,0.4,0.5,0.338
555,0.39,-1.624,-4.507,-1.682,59.85,4,0.31,0.2,0.062,0,0.2,0,0.31,5,0.2,1,0,0.2,0,2,0.2,0.4,0,0.2,0,2,1.462,0.4,0.5,0.2924
612,0.841,-2.43,-0.625,-3.742,55.57,22,0,0.2,0,0,0.2,0,0,5,0.2,1,0,0.2,0,2,0.2,0.4,0,0.2,0,2,1.4,0.4,0.5,0.28
641,-0.599,1.122,-0.824,-5.636,55.57,4,0.49,0.2,0.098,0,0.2,0,0.49,5,0.2,1,0,0.2,0,2,0.2,0.4,0,0.2,0,2,1.498,0.4,0.5,0.2996
109,0.387,-0.821,1.915,-3.569,3.89,15,1,0.4,0.4,0,0.2,0,1,5,0.2,1,0.36,0.2,0.072,2,0.2,0.4,0,0.2,0,2.2,1.872,0.4,0.5,0.3744
53,-0.688,-0.554,-1.549,-2.61,3.89,22,0,0.2,0,0.93,0.2,0.186,0.93,5,0.2,1,7.78,0.4,3.112,2,0.2,0.4,0,0.2,0,2.2,4.698,0.4,0.5,0.9396
390,-0.606,-1.301,-0.073,-1.867,1.85,6,0.47,0.2,0.094,1.59,0.4,0.636,2.06,5,0.2,1,1.24,0.2,0.248,2,0.2,0.4,0,0.2,0,2.6,2.378,0.4,0.5,0.4756
558,-0.585,-1.045,-1.649,-3.508,59.85,4,0.01,0.2,0.002,0,0.2,0,0.01,5,0.2,1,0.6,0.2,0.12,2,0.2,0.4,0,0.2,0,2,1.522,0.4,0.5,0.3044
129,-0.65,-1.793,-3.429,-4.207,3.41,9,6.93,0.6,4.158,70.26,0.6,42.156,77.19,5,0.2,1,9.73,0.4,3.892,2,0.2,0.4,0,0.2,0,3.8,51.606,0.4,0.5,10.3212
459,-0.449,0.98,1.44,-5.111,1.85,13,3.46,0.6,2.076,0.09,0.2,0.018,3.55,5,0.2,1,0.06,0.2,0.012,2,0.2,0.4,0,0.2,0,2.4,3.506,0.4,0.5,0.7012
710,-0.026,-2.154,-2.127,-5.795,55.57,29,0.82,0.2,0.164,0,0.2,0,0.82,5,0.2,1,0,0.2,0,2,0.2,0.4,0,0.2,0,2,1.564,0.4,0.5,0.3128
265,-0.21,-0.023,-1.626,-1.973,2.72,15,0,0.2,0,0,0.2,0,0,5,0.2,1,0,0.2,0,2,0.2,0.4,0,0.2,0,2,1.4,0.4,0.5,0.28
217,0.82,-1.798,-1.269,-0.419,2.72,31,5.45,0.6,3.27,71.09,0.6,42.654,76.54,5.5,0.4,2.2,59.18,0.6,35.508,2,0.2,0.4,0,0.2,0,4.4,84.032,0.4,0.5,16.8064
145,0.629,-1.316,-2.921,-1.529,3.41,8,8.03,0.6,4.818,94.43,0.6,56.658,102.46,5.5,0.4,2.2,10.65,0.6,6.39,2,0.2,0.4,2,0.6,1.2,4.8,71.666,1.6,0.5,57.3328
56,0.538,-1.806,-2.83,2.638,3.89,9,0,0.2,0,1.05,0.2,0.21,1.05,5,0.2,1,0.16,0.2,0.032,2,0.2,0.4,0,0.2,0,2,1.642,0.4,0.5,0.3284
206,-0.058,-2.01,-0.14,-4.104,2.72,2,3.26,0.6,1.956,5.55,0.4,2.22,8.81,5,0.2,1,0.21,0.2,0.042,6,0.2,1.2,0,0.2,0,3.4,6.418,1.2,0.5,3.8508
134,-0.701,0,1.294,-4.315,3.41,13,1.97,0.4,0.788,30.25,0.6,18.15,32.22,5,0.2,1,0.68,0.2,0.136,2,0.2,0.4,0,0.2,0,3.4,20.474,0.4,0.5,4.0948
106,-0.07,1.065,-1.481,-3.738,3.89,15,5.23,0.6,3.138,5.89,0.4,2.356,11.12,5,0.2,1,19.4,0.6,11.64,2,0.2,0.4,0,0.2,0,3.4,18.534,0.4,0.5,3.7068
650,-0.437,-1.088,-3.02,2.372,55.57,5,0.57,0.2,0.114,1.26,0.4,0.504,1.83,5,0.2,1,0.1,0.2,0.02,2,0.2,0.4,0,0.2,0,2.6,2.038,0.4,0.5,0.4076
696,-0.441,0.401,-2.043,-0.588,55.57,8,1.36,0.4,0.544,0,0.2,0,1.36,5,0.2,1,0,0.2,0,2,0.2,0.4,0,0.2,0,2.2,1.944,0.4,0.5,0.3888
348,-0.387,-0.564,-3.835,-3.245,1.99,25,0.53,0.2,0.106,0,0.2,0,0.53,5,0.2,1,2.33,0.2,0.466,2,0.2,0.4,0,0.2,0,2,1.972,0.4,0.5,0.3944
642,-0.911,-0.837,-2.238,3.591,55.57,4,0.73,0.2,0.146,0,0.2,0,0.73,5,0.2,1,0,0.2,0,2,0.2,0.4,0,0.2,0,2,1.546,0.4,0.5,0.3092
440,0.546,-0.495,0.945,2.243,1.85,15,1.28,0.4,0.512,1.75,0.4,0.7,3.03,5,0.2,1,0,0.2,0,2,0.2,0.4,0,0.2,0,2.8,2.612,0.4,0.5,0.5224
254,-0.623,-1.867,-2.601,-1.945,2.72,12,1.6,0.4,0.64,0,0.2,0,1.6,5,0.2,1,0,0.2,0,2,0.2,0.4,0,0.2,0,2.2,2.04,0.4,0.5,0.408
611,-0.004,-0.648,-0.039,2.764,55.57,13,0.54,0.2,0.108,0.67,0.2,0.134,1.21,5,0.2,1,0,0.2,0,2,0.2,0.4,0,0.2,0,2,1.642,0.4,0.5,0.3284
500,0.795,-1.054,-4.528,-0.629,21.61,5,0,0.2,0,0.39,0.2,0.078,0.39,5,0.2,1,0.24,0.2,0.048,2,0.2,0.4,0,0.2,0,2,1.526,0.4,0.5,0.3052
322,-0.548,-1.385,-1.13,1.154,2.37,16,1.27,0.4,0.508,1.01,0.4,0.404,2.28,5,0.2,1,1.15,0.2,0.23,2,0.2,0.4,0,0.2,0,2.8,2.542,0.4,0.5,0.5084
567,0.56,-1.263,-4.298,-3.703,59.85,21,0.39,0.2,0.078,0.39,0.2,0.078,0.78,5,0.2,1,0.17,0.2,0.034,4,0.2,0.8,0,0.2,0,2.2,1.99,0.8,0.5,0.796
560,-0.951,-0.05,1.05,-2.602,59.85,19,0.2,0.2,0.04,0.28,0.2,0.056,0.48,5,0.2,1,0,0.2,0,2,0.2,0.4,0,0.2,0,2,1.496,0.4,0.5,0.2992
639,-0.912,-1.69,-6.419,-0.767,55.57,4,0.74,0.2,0.148,0,0.2,0,0.74,5,0.2,1,0.15,0.2,0.03,2,0.2,0.4,0,0.2,0,2,1.578,0.4,0.5,0.3156
251,0.176,-1.383,-3.609,-2.194,2.72,8,1.13,0.4,0.452,0,0.2,0,1.13,5,0.2,1,0,0.2,0,2,0.2,0.4,0,0.2,0,2.2,1.852,0.4,0.5,0.3704
394,0.98,-0.992,-2.431,-2.661,1.85,8,7.02,0.6,4.212,1.77,0.4,0.708,8.79,5,0.2,1,0,0.2,0,4,0.2,0.8,0,0.2,0,3.2,6.72,0.8,0.5,2.688
503,-0.962,0.246,-1.629,-5.04,21.61,14,0.19,0.2,0.038,0.27,0.2,0.054,0.46,5,0.2,1,0.65,0.2,0.13,2,0.2,0.4,0,0.2,0,2,1.622,0.4,0.5,0.3244
376,0.26,-1.09,-1.206,-3.633,1.99,32,1.12,0.4,0.448,0,0.2,0,1.12,5,0.2,1,0.05,0.2,0.01,2,0.2,0.4,0,0.2,0,2.2,1.858,0.4,0.5,0.3716
203,-0.582,-2.599,-2.441,1.753,2.72,9,3.84,0.6,2.304,98.67,0.6,59.202,102.51,5,0.2,1,12.9,0.6,7.74,2,0.2,0.4,0,0.2,0,4,70.646,0.4,0.5,14.1292
521,0.168,-1.65,-0.434,-2.278,21.61,29,0.63,0.2,0.126,0.69,0.2,0.138,1.32,5,0.2,1,0.32,0.2,0.064,2,0.2,0.4,0,0.2,0,2,1.728,0.4,0.5,0.3456
163,-0.661,1.346,-1.081,-4.161,3.41,13,5.61,0.6,3.366,1.56,0.2,0.312,7.17,5,0.2,1,4.03,0.2,0.806,2,0.2,0.4,0,0.2,0,2.4,5.884,0.4,0.5,1.1768
575,-0.118,-2.606,-2.897,1.363,55.57,9,0,0.2,0,1.96,0.4,0.784,1.96,5,0.2,1,0.4,0.2,0.08,2,0.2,0.4,0,0.2,0,2.6,2.264,0.4,0.5,0.4528
33,-0.556,-2.109,-2.325,-3.328,3.89,5,0,0.2,0,1.76,0.2,0.352,1.76,5,0.2,1,1.08,0.2,0.216,2,0.2,0.4,0,0.2,0,2,1.968,0.4,0.5,0.3936
378,-0.656,-0.19,-0.72,0.219,1.99,16,0.77,0.2,0.154,0,0.2,0,0.77,5,0.2,1,0,0.2,0,4,0.2,0.8,0,0.2,0,2.2,1.954,0.8,0.5,0.7816
763,0.446,-0.269,-2.224,0.221,55.57,8,0.8,0.2,0.16,0.57,0.2,0.114,1.37,5,0.2,1,0,0.2,0,2,0.2,0.4,0,0.2,0,2,1.674,0.4,0.5,0.3348
340,-0.013,-0.16,-2.245,-5.163,2.37,2,0.5,0.2,0.1,0.04,0.2,0.008,0.54,5,0.2,1,0,0.2,0,6,0.2,1.2,0,0.2,0,2.4,2.308,1.2,0.5,1.3848
213,-0.047,-2.009,-1.15,-3.947,2.72,5,7.43,0.6,4.458,79.5,0.6,47.7,86.93,5,0.2,1,102.39,0.6,61.434,2,0.2,0.4,0,0.2,0,4,114.992,0.4,0.5,22.9984
255,-0.859,-0.181,-2.514,-0.817,2.72,16,1.34,0.4,0.536,0,0.2,0,1.34,5,0.2,1,0,0.2,0,4,0.2,0.8,0,0.2,0,2.4,2.336,0.8,0.5,0.9344
187,-0.686,-0.326,0.758,-3.175,3.41,31,0.17,0.2,0.034,0,0.2,0,0.17,5,0.2,1,0,0.2,0,2,0.2,0.4,0,0.2,0,2,1.434,0.4,0.5,0.2868
271,-0.788,-0.167,1.095,-0.232,2.72,6,0.61,0.2,0.122,0.07,0.2,0.014,0.68,5,0.2,1,0,0.2,0,2,0.2,0.4,0,0.2,0,2,1.536,0.4,0.5,0.3072
700,0.515,-0.839,-1.422,0.901,55.57,8,1.08,0.4,0.432,0.92,0.2,0.184,2,5,0.2,1,0.04,0.2,0.008,2,0.2,0.4,0,0.2,0,2.2,2.024,0.4,0.5,0.4048
257,-0.878,-1.27,-1.289,-0.717,2.72,11,1.13,0.4,0.452,0,0.2,0,1.13,5,0.2,1,0.02,0.2,0.004,2,0.2,0.4,0,0.2,0,2.2,1.856,0.4,0.5,0.3712
236,0.994,-2.55,-0.196,-3.152,2.72,29,4.9,0.6,2.94,98.71,0.6,59.226,103.61,5.5,0.4,2.2,82.99,0.6,49.794,2,0.2,0.4,1,0.4,0.4,4.6,114.96,0.8,0.5,45.984
2,0.844,-0.063,-4.473,-2.909,3.89,6,0,0.2,0,4.83,0.2,0.966,4.83,5,0.2,1,0.94,0.2,0.188,2,0.2,0.4,0,0.2,0,2,2.554,0.4,0.5,0.5108
204,0.867,-0.717,-0.318,0.978,2.72,12,7.42,0.6,4.452,115.87,0.6,69.522,123.29,6,0.6,3.6,6.79,0.4,2.716,2,0.2,0.4,1,0.4,0.4,4.8,81.09,0.8,0.5,32.436
150,-0.399,-1.615,-3.056,-8.302,3.41,29,4.17,0.6,2.502,24.37,0.6,14.622,28.54,5,0.2,1,4.24,0.2,0.848,2,0.2,0.4,0,0.2,0,3.6,19.372,0.4,0.5,3.8744
637,0.026,1.357,-2.985,-6.248,55.57,2,0,0.2,0,0,0.2,0,0,5,0.2,1,0,0.2,0,6,0.2,1.2,0,0.2,0,2.4,2.2,1.2,0.5,1.32
708,-0.645,-1.056,-1.733,-5.994,55.57,29,0.41,0.2,0.082,0,0.2,0,0.41,5,0.2,1,0,0.2,0,2,0.2,0.4,0,0.2,0,2,1.482,0.4,0.5,0.2964
258,0.444,-0.27,-0.805,-2.199,2.72,4,0,0.2,0,0,0.2,0,0,5,0.2,1,0,0.2,0,2,0.2,0.4,0,0.2,0,2,1.4,0.4,0.5,0.28
749,0.195,-0.002,-5.255,-1.507,55.57,13,0.51,0.2,0.102,0.37,0.2,0.074,0.88,5,0.2,1,0,0.2,0,2,0.2,0.4,0,0.2,0,2,1.576,0.4,0.5,0.3152
535,0.64,-0.295,0.929,-5.412,21.61,31,0,0.2,0,0,0.2,0,0,5,0.2,1,0.03,0.2,0.006,2,0.2,0.4,0,0.2,0,2,1.406,0.4,0.5,0.2812
290,0.888,-2.072,-4.813,-2.543,2.37,9,2.1,0.6,1.26,5.06,0.6,3.036,7.16,5,0.2,1,5.41,0.4,2.164,2,0.2,0.4,0,0.2,0,3.8,7.86,0.4,0.5,1.572
519,-0.199,-1.612,2.767,-0.443,21.61,13,0.56,0.2,0.112,0.63,0.2,0.126,1.19,5,0.2,1,0.09,0.2,0.018,2,0.2,0.4,0,0.2,0,2,1.656,0.4,0.5,0.3312
687,0.656,-1.911,0.712,-4.363,55.57,12,0,0.2,0,11.68,0.6,7.008,11.68,5,0.2,1,0,0.2,0,2,0.2,0.4,0,0.2,0,3.2,8.408,0.4,0.5,1.6816
1,-0.542,-1.746,-3.773,-3.177,3.89,23,4.18,0.6,2.508,2.5,0.2,0.5,6.68,5,0.2,1,3.38,0.2,0.676,2,0.2,0.4,0,0.2,0,2.4,8.574,0.4,0.5,1.7148
26,-0.507,-0.8,-1.611,-11.033,3.89,4,7.42,0.6,4.452,2.24,0.2,0.448,9.66,5,0.2,1,1.25,0.2,0.25,2,0.2,0.4,0,0.2,0,2.4,6.55,0.4,0.5,1.31
320,-0.34,-1,-2.589,-4.99,2.37,2,0.73,0.2,0.146,0.05,0.2,0.01,0.78,5,0.2,1,6.14,0.4,2.456,6,0.2,1.2,0,0.2,0,2.6,4.812,1.2,0.5,2.8872
198,0.848,0.105,-1.57,3.598,2.72,8,4.34,0.6,2.604,24.13,0.6,14.478,28.47,5,0.2,1,3.42,0.2,0.684,2,0.2,0.4,0,0.2,0,3.6,19.166,0.4,0.5,3.8332
36,-0.541,-1.054,-4.402,-2.374,3.89,5,0,0.2,0,0.94,0.2,0.188,0.94,5,0.2,1,0.9,0.2,0.18,2,0.2,0.4,0,0.2,0,2,1.768,0.4,0.5,0.3536
101,-0.447,-0.539,-0.94,-4.71,3.89,16,1.33,0.4,0.532,0,0.2,0,1.33,5,0.2,1,0.2,0.2,0.04,6,0.2,1.2,0,0.2,0,2.6,2.772,1.2,0.5,1.6632
398,0.426,-0.613,1.085,-5.549,1.85,16,9.19,0.6,5.514,4.2,0.6,2.52,13.39,5,0.2,1,0.52,0.2,0.104,2,0.2,0.4,0,0.2,0,3.6,9.538,0.4,0.5,1.9076
673,0.888,-0.744,-1.684,-3.763,55.57,19,0,0.2,0,1.74,0.4,0.696,1.74,5,0.2,1,0,0.2,0,2,0.2,0.4,0,0.2,0,2.6,2.096,0.4,0.5,0.4192
672,0.176,-1.915,-3.688,-4.816,55.57,9,0.88,0.2,0.176,0.54,0.2,0.108,1.42,5,0.2,1,0.11,0.2,0.022,2,0.2,0.4,0,0.2,0,2,1.706,0.4,0.5,0.3412
481,-0.686,-0.114,-1.747,2.708,1.85,12,13.91,0.6,8.346,0.5,0.2,0.1,14.41,5,0.2,1,0.19,0.2,0.038,2,0.2,0.4,0,0.2,0,2.4,9.884,0.4,0.5,1.9768
574,0.455,-0.571,-3.242,-3.307,55.57,32,0.29,0.2,0.058,0.39,0.2,0.078,0.68,5.5,0.4,2.2,0.05,0.2,0.01,2,0.2,0.4,0,0.2,0,2.4,2.746,0.4,0.5,0.5492
644,0.245,0.785,-2.115,-2.386,55.57,4,0.32,0.2,0.064,0,0.2,0,0.32,5,0.2,1,0,0.2,0,2,0.4,0.8,0,0.2,0,2.2,1.864,0.8,0.5,0.7456
44,0.615,-0.55,-0.544,-8.022,3.89,19,0,0.2,0,0,0.2,0,0,5,0.2,1,0,0.2,0,2,0.2,0.4,0,0.2,0,2,1.4,0.4,0.5,0.28
194,-0.435,-1.106,-1.756,-7.532,2.72,39,2.81,0.6,1.686,4.6,0.2,0.92,7.41,5,0.2,1,8.44,0.4,3.376,2,0.2,0.4,0,0.2,0,2.6,7.382,0.4,0.5,1.4764
543,0.395,-1.828,-0.264,4.367,59.85,9,0,0.2,0,0,0.2,0,0,5,0.2,1,0.19,0.2,0.038,2,0.2,0.4,0,0.2,0,2,1.438,0.4,0.5,0.2876
310,0.084,-2.755,-4.332,3.845,2.37,6,0.39,0.2,0.078,0.47,0.2,0.094,0.86,5,0.2,1,0,0.2,0,2,0.2,0.4,0,0.2,0,2,1.572,0.4,0.5,0.3144
365,0.916,-0.827,-4.084,-3.88,1.99,30,0.66,0.2,0.132,0,0.2,0,0.66,5,0.2,1,0.73,0.2,0.146,2,0.2,0.4,0,0.2,0,2,1.678,0.4,0.5,0.3356
762,0.406,-1.633,-1.262,-2.591,55.57,22,0,0.2,0,3.3,0.6,1.98,3.3,5,0.2,1,0,0.2,0,2,0.2,0.4,0,0.2,0,3.2,3.38,0.4,0.5,0.676
483,-0.611,-1.087,-4.579,-3.084,2.37,1,1.13,0.4,0.452,3.85,0.6,2.31,4.98,6.5,0.6,3.9,20.89,0.6,12.534,6,0.2,1.2,0,0.2,0,5,20.396,1.2,0.5,12.2376
377,0.173,-1.314,-2.695,-7.436,1.99,16,1.53,0.4,0.612,0,0.2,0,1.53,5,0.2,1,0.03,0.2,0.006,4,0.2,0.8,0,0.2,0,2.4,2.418,0.8,0.5,0.9672
584,0.03,-1.377,-3.172,-5.082,55.57,4,0.26,0.2,0.052,0.21,0.2,0.042,0.47,5,0.2,1,0.05,0.2,0.01,2,0.2,0.4,0,0.2,0,2,1.504,0.4,0.5,0.3008
356,-0.106,-0.254,0.744,-5.007,1.99,5,1.27,0.4,0.508,0,0.2,0,1.27,5,0.2,1,2.77,0.2,0.554,2,0.2,0.4,0,0.2,0,2.2,2.462,0.4,0.5,0.4924
22,0.045,0.887,-2.717,-0.965,3.89,3,0.02,0.2,0.004,5.94,0.4,2.376,5.96,5,0.2,1,0.01,0.2,0.002,2,0.2,0.4,0,0.2,0,2.6,3.782,0.4,0.5,0.7564
434,0.938,-1.34,-5.026,-1.989,1.85,9,0.7,0.2,0.14,0.6,0.2,0.12,1.3,5,0.2,1,0.51,0.2,0.102,2,0.2,0.4,0,0.2,0,2,1.762,0.4,0.5,0.3524
416,0.404,-1.092,-1.771,0.309,1.85,19,1.75,0.4,0.7,0,0.2,0,1.75,5,0.2,1,0.35,0.2,0.07,6,0.2,1.2,0,0.2,0,2.6,2.97,1.2,0.5,1.782
20,-0.202,-1.741,-4.446,-4.676,3.89,37,4.86,0.6,2.916,46.78,0.6,28.068,51.64,5.5,0.4,2.2,63.18,0.6,37.908,2,0.2,0.4,0,0.2,0,4.4,71.492,0.4,0.5,14.2984
452,0.491,-1.742,-3.902,-7.407,1.85,6,0.65,0.2,0.13,0.03,0.2,0.006,0.68,5,0.2,1,0.14,0.2,0.028,2,0.2,0.4,0,0.2,0,2,1.564,0.4,0.5,0.3128
586,-0.72,-0.099,-0.965,-1.233,55.57,5,1.59,0.4,0.636,0.13,0.2,0.026,1.72,5,0.2,1,0.11,0.2,0.022,2,0.2,0.4,0,0.2,0,2.2,2.084,0.4,0.5,0.4168
274,-0.278,-1.127,-2.562,-0.713,2.37,11,1.63,0.4,0.652,5.86,0.6,3.516,7.49,5,0.2,1,3.69,0.2,0.738,2,0.2,0.4,0,0.2,0,3.4,6.306,0.4,0.5,1.2612
666,0.936,-2.132,-7.059,-7.079,55.57,19,0.24,0.2,0.048,0,0.2,0,0.24,5,0.2,1,0,0.2,0,2,0.2,0.4,0,0.2,0,2,1.448,0.4,0.5,0.2896
147,-0.459,-1.748,-1.961,-4.314,3.41,19,1.64,0.4,0.656,46.21,0.6,27.726,47.85,5,0.2,1,2.45,0.2,0.49,2,0.2,0.4,0,0.2,0,3.4,30.272,0.4,0.5,6.0544
583,-0.148,-0.964,-3.902,-2.183,55.57,4,1.2,0.4,0.48,0.54,0.2,0.108,1.74,5,0.2,1,0.45,0.2,0.09,2,0.2,0.4,0,0.2,0,2.2,2.078,0.4,0.5,0.4156
69,-0.323,-1.81,-3.179,-2.5,3.89,12,1.07,0.4,0.428,0,0.2,0,1.07,5,0.2,1,0,0.2,0,2,0.2,0.4,0,0.2,0,2.2,1.828,0.4,0.5,0.3656
501,0.917,-1.471,-0.644,-3.375,21.61,5,0.33,0.2,0.066,0,0.2,0,0.33,5,0.2,1,0,0.2,0,2,0.2,0.4,0,0.2,0,2,1.466,0.4,0.5,0.2932
771,-0.003,1.535,-2.951,-10.4,55.57,18,0.2,0.2,0.04,0,0.2,0,0.2,5,0.2,1,0,0.2,0,2,0.2,0.4,0,0.2,0,2,1.44,0.4,0.5,0.288
759,-0.132,-1.016,-3.173,0.53,55.57,14,0.59,0.2,0.118,0,0.2,0,0.59,5,0.2,1,0,0.2,0,2,0.2,0.4,0,0.2,0,2,1.518,0.4,0.5,0.3036
242,0.67,-1.649,-2.572,-5.111,2.72,2,4.28,0.6,2.568,1264.63,0.6,758.778,1268.91,5.5,0.4,2.2,58.86,0.6,35.316,6,0.2,1.2,2,0.6,1.2,5.2,801.262,2.4,0.5,961.5144
754,-0.642,-1.883,-3.464,-2.226,55.57,32,0.5,0.2,0.1,2.97,0.6,1.782,3.47,5,0.2,1,0.18,0.2,0.036,2,0.2,0.4,0,0.2,0,3.2,3.318,0.4,0.5,0.6636
486,-0.601,-0.267,-4.392,-0.375,2.37,8,0.56,0.2,0.112,0.08,0.2,0.016,0.64,5,0.2,1,0.05,0.2,0.01,6,0.2,1.2,0,0.2,0,2.4,2.338,1.2,0.5,1.4028
263,0.165,-0.722,-0.548,-1.583,2.72,22,0,0.2,0,0,0.2,0,0,5,0.2,1,30.85,0.6,18.51,2,0.2,0.4,0,0.2,0,2.4,19.91,0.4,0.5,3.982
98,-0.165,-1.628,-3.048,-2.365,3.89,16,0,0.2,0,2.72,0.2,0.544,2.72,5,0.2,1,5.58,0.4,2.232,6,0.2,1.2,0,0.2,0,2.6,4.976,1.2,0.5,2.9856
732,0.869,0.168,-0.357,-9.738,55.57,15,1.4,0.4,0.56,0.06,0.2,0.012,1.46,5,0.2,1,0,0.2,0,2,0.2,0.4,0,0.2,0,2.2,1.972,0.4,0.5,0.3944
428,-0.268,-0.366,-2.26,-6.334,1.85,8,3.26,0.6,1.956,0.36,0.2,0.072,3.62,5,0.2,1,0.02,0.2,0.004,2,0.2,0.4,0,0.2,0,2.4,3.432,0.4,0.5,0.6864
448,0.586,-1.722,-4.85,-7.838,1.85,18,0.73,0.2,0.146,1.24,0.4,0.496,1.97,5,0.2,1,0.2,0.2,0.04,2,0.2,0.4,0,0.2,0,2.6,2.082,0.4,0.5,0.4164
471,0.291,-1.023,-1.781,-4.111,1.85,8,0,0.2,0,0,0.2,0,0,5,0.2,1,0,0.2,0,4,0.2,0.8,0,0.2,0,2.2,1.8,0.8,0.5,0.72
702,-0.491,-0.754,0.219,-1.056,55.57,8,0.6,0.2,0.12,0,0.2,0,0.6,5,0.2,1,0,0.2,0,2,0.2,0.4,0,0.2,0,2,1.52,0.4,0.5,0.304
317,0.467,-0.295,-1.786,-2.347,2.37,9,0.31,0.2,0.062,0.69,0.2,0.138,1,5,0.2,1,0,0.2,0,2,0.2,0.4,0,0.2,0,2,1.6,0.4,0.5,0.32
467,-0.496,1.417,-2.386,-7.25,1.85,43,0.18,0.2,0.036,0.63,0.2,0.126,0.81,5,0.2,1,0,0.2,0,2,0.2,0.4,0,0.2,0,2,1.562,0.4,0.5,0.3124
396,0.603,-1.963,-1.372,0.356,1.85,8,0.95,0.2,0.19,0,0.2,0,0.95,5,0.2,1,0.13,0.2,0.026,4,0.4,1.6,0,0.2,0,2.4,2.816,1.6,0.5,2.2528
548,-0.19,-1.058,-1.022,-0.022,59.85,2,0,0.2,0,0,0.2,0,0,5,0.2,1,1.2,0.2,0.24,2,0.4,0.8,0,0.2,0,2.2,2.04,0.8,0.5,0.816
173,-0.037,-0.458,-3.926,-4.458,3.41,12,1.07,0.4,0.428,0,0.2,0,1.07,5,0.2,1,0,0.2,0,6,0.2,1.2,0,0.2,0,2.6,2.628,1.2,0.5,1.5768
492,-0.953,-1.25,-3.356,-1.165,15.56,2,20.65,0.6,12.39,0,0.2,0,0,6,0.6,3.6,397.31,0.6,238.386,6,0.2,1.2,1,0.4,0.4,4.2,255.976,1.6,0.5,204.7808
436,0.545,-1.31,-0.722,-6.392,1.85,32,7.09,0.6,4.254,1.95,0.4,0.78,9.04,5,0.2,1,0,0.2,0,2,0.2,0.4,0,0.2,0,3,6.434,0.4,0.5,1.2868
96,-0.29,-1.832,-0.312,-2.779,3.89,16,0,0.2,0,0.08,0.2,0.016,0.08,5,0.2,1,0.06,0.2,0.012,6,0.2,1.2,0,0.2,0,2.4,2.228,1.2,0.5,1.3368
601,-0.856,-1.358,0.778,-0.146,55.57,2,1.24,0.4,0.496,2.27,0.6,1.362,3.51,5,0.2,1,0,0.2,0,6,0.2,1.2,0,0.2,0,3.8,4.058,1.2,0.5,2.4348
539,0.215,-2.993,-2.868,-6.736,59.85,39,0,0.2,0,0,0.2,0,0,5,0.2,1,3.3,0.2,0.66,2,0.2,0.4,0,0.2,0,2,2.06,0.4,0.5,0.412
117,0.892,-0.265,0.132,-11.382,3.41,25,1.44,0.4,0.576,29.25,0.6,17.55,30.69,5,0.2,1,35.13,0.6,21.078,2,0.2,0.4,0,0.2,0,3.8,40.604,0.4,0.5,8.1208
422,-0.562,-1.384,-2.978,-1.663,1.85,9,10.79,0.6,6.474,0.67,0.2,0.134,11.46,5,0.2,1,0.04,0.2,0.008,2,0.2,0.4,0,0.2,0,2.4,8.016,0.4,0.5,1.6032
166,-0.065,-1.491,0.939,-2.136,3.41,15,2.86,0.6,1.716,17.09,0.6,10.254,19.95,5.5,0.4,2.2,6.88,0.4,2.752,2,0.2,0.4,0,0.2,0,4.2,17.322,0.4,0.5,3.4644
730,-0.631,0.388,-5.275,-2.223,55.57,16,0.74,0.2,0.148,0,0.2,0,0.74,5,0.2,1,2.4,0.2,0.48,2,0.2,0.4,0,0.2,0,2,2.028,0.4,0.5,0.4056
765,0.966,-0.181,-2.921,1.87,55.57,9,0.44,0.2,0.088,0.53,0.2,0.106,0.97,5,0.2,1,0,0.2,0,2,0.2,0.4,0,0.2,0,2,1.594,0.4,0.5,0.3188
288,0.47,-1.124,-1.913,-1.423,2.37,15,2.6,0.6,1.56,1.14,0.4,0.456,3.74,5,0.2,1,8.76,0.4,3.504,2,0.2,0.4,1,0.4,0.4,3.4,7.32,0.8,0.5,2.928
286,1,-0.046,-2.307,-5.161,2.37,19,1.9,0.4,0.76,7.97,0.6,4.782,9.87,5,0.2,1,8.6,0.4,3.44,2,0.2,0.4,1,0.4,0.4,3.8,10.782,0.8,0.5,4.3128
92,-0.314,-0.918,-3.228,-3.553,3.89,32,1.22,0.4,0.488,0.06,0.2,0.012,1.28,5,0.2,1,0,0.2,0,4,0.2,0.8,0,0.2,0,2.4,2.3,0.8,0.5,0.92
125,-0.714,-0.389,-0.35,-4.261,3.41,11,1.44,0.4,0.576,9.65,0.4,3.86,11.09,6.5,0.6,3.9,10.03,0.6,6.018,2,0.2,0.4,0,0.2,0,4,14.754,0.4,0.5,2.9508
105,0.632,-1.346,-1.253,-6.8,3.89,15,0.77,0.2,0.154,18.31,0.6,10.986,19.08,5,0.2,1,67.03,0.6,40.218,2,0.2,0.4,0,0.2,0,3.6,52.758,0.4,0.5,10.5516
261,0.293,-1.617,-2.13,-1.975,2.72,12,1.05,0.4,0.42,0,0.2,0,1.05,5,0.2,1,0,0.2,0,2,0.2,0.4,0,0.2,0,2.2,1.82,0.4,0.5,0.364
513,-0.381,-1.603,-0.246,-7.429,21.61,32,0.61,0.2,0.122,0.63,0.2,0.126,1.24,5,0.2,1,0,0.2,0,2,0.2,0.4,0,0.2,0,2,1.648,0.4,0.5,0.3296
289,-0.752,0.736,-3.603,6.906,2.37,8,3.81,0.6,2.286,11.52,0.6,6.912,15.33,5,0.2,1,3.25,0.2,0.65,4,0.2,0.8,0,0.2,0,3.8,11.648,0.8,0.5,4.6592
497,0.427,-0.754,-0.916,0.412,21.61,6,0.88,0.2,0.176,1.07,0.4,0.428,1.95,5,0.2,1,0.76,0.2,0.152,2,0.2,0.4,0,0.2,0,2.6,2.156,0.4,0.5,0.4312
224,0.92,-0.193,-2.828,-6.883,2.72,16,2.18,0.6,1.308,30.81,0.6,18.486,32.99,5,0.2,1,5.8,0.4,2.32,4,0.2,0.8,0,0.2,0,4,23.914,0.8,0.5,9.5656
640,-0.006,-1.507,-5.329,-3.138,55.57,4,0,0.2,0,1.3,0.4,0.52,1.3,5,0.2,1,0,0.2,0,2,0.2,0.4,0,0.2,0,2.6,1.92,0.4,0.5,0.384
464,-0.77,-1.923,-1.706,-4.592,1.85,2,0.17,0.2,0.034,0.11,0.2,0.022,0.28,5,0.2,1,0,0.2,0,2,0.2,0.4,0,0.2,0,2,1.456,0.4,0.5,0.2912
766,0.686,-0.299,-4.467,-5.389,55.57,16,0.51,0.2,0.102,0.5,0.2,0.1,1.01,5,0.2,1,0.09,0.2,0.018,2,0.2,0.4,0,0.2,0,2,1.62,0.4,0.5,0.324
199,0.564,-0.912,-2.94,-5.889,2.72,12,3.62,0.6,2.172,8.37,0.4,3.348,11.99,5,0.2,1,0,0.2,0,2,0.2,0.4,0,0.2,0,3,6.92,0.4,0.5,1.384
689,0.704,-1.28,-2.753,-4.507,55.57,12,0.62,0.2,0.124,0.47,0.2,0.094,1.09,5,0.2,1,0.58,0.2,0.116,2,0.2,0.4,0,0.2,0,2,1.734,0.4,0.5,0.3468
527,0.927,-2.246,-3.229,-4.807,21.61,2,0.67,0.2,0.134,0.75,0.2,0.15,1.42,5,0.2,1,0.39,0.2,0.078,2,0.2,0.4,0,0.2,0,2,1.762,0.4,0.5,0.3524
499,-0.796,-1.228,0.104,-4.644,21.61,4,0.7,0.2,0.14,0.72,0.2,0.144,1.42,5,0.2,1,0,0.2,0,2,0.2,0.4,0,0.2,0,2,1.684,0.4,0.5,0.3368
721,0.47,-2.44,1.553,-5.134,55.57,32,0,0.2,0,8.49,0.6,5.094,8.49,5,0.2,1,0.43,0.2,0.086,2,0.2,0.4,0,0.2,0,3.2,6.58,0.4,0.5,1.316
186,-0.99,-2.446,-2.003,-0.007,3.41,11,1.21,0.4,0.484,0,0.2,0,1.21,5,0.2,1,0,0.2,0,2,0.2,0.4,0,0.2,0,2.2,1.884,0.4,0.5,0.3768
373,0.594,-1.508,-1.995,-6.562,1.99,29,0.85,0.2,0.17,0,0.2,0,0.85,5,0.2,1,0,0.2,0,2,0.2,0.4,0,0.2,0,2,1.57,0.4,0.5,0.314
649,0.463,-1.822,0.399,-3.935,55.57,43,0.83,0.2,0.166,0,0.2,0,0.83,5,0.2,1,0,0.2,0,2,0.2,0.4,0,0.2,0,2,1.566,0.4,0.5,0.3132
653,0.062,-1.469,-0.037,-2.633,55.57,5,1.26,0.4,0.504,0,0.2,0,1.26,5,0.2,1,0,0.2,0,2,0.2,0.4,0,0.2,0,2.2,1.904,0.4,0.5,0.3808
604,0.786,0.094,-4.565,-7.182,55.57,9,1.49,0.4,0.596,2.34,0.6,1.404,3.83,5,0.2,1,0.25,0.2,0.05,2,0.2,0.4,0,0.2,0,3.4,3.45,0.4,0.5,0.69
593,0.036,-1.552,-3.494,1.722,55.57,8,0,0.2,0,0,0.2,0,0,5,0.2,1,0,0.2,0,2,0.2,0.4,0,0.2,0,2,1.4,0.4,0.5,0.28
115,0.529,-1.5,-2.759,-2.628,3.41,34,4.25,0.6,2.55,45.51,0.6,27.306,49.76,5.5,0.4,2.2,8.2,0.4,3.28,2,0.2,0.4,0,0.2,0,4.2,35.736,0.4,0.5,7.1472
704,-0.48,-0.048,-1.434,-5.353,55.57,27,0,0.2,0,2.99,0.6,1.794,2.99,5,0.2,1,0.06,0.2,0.012,2,0.2,0.4,0,0.2,0,3.2,3.206,0.4,0.5,0.6412
657,0.375,0.647,-0.788,-6.555,55.57,5,0.09,0.2,0.018,0,0.2,0,0.09,5,0.2,1,0,0.2,0,2,0.2,0.4,0,0.2,0,2,1.418,0.4,0.5,0.2836
97,-0.797,-0.685,-1.97,-5.481,3.89,16,1.19,0.4,0.476,12.88,0.6,7.728,14.07,5,0.2,1,2.33,0.2,0.466,6,0.2,1.2,0,0.2,0,3.8,10.87,1.2,0.5,6.522
623,0.566,0.689,-1.401,3.467,55.57,6,0.38,0.2,0.076,0.49,0.2,0.098,0.87,5,0.2,1,0,0.2,0,2,0.2,0.4,0,0.2,0,2,1.574,0.4,0.5,0.3148
450,0.987,-0.229,0.891,-5.31,1.85,19,1.16,0.4,0.464,0,0.2,0,1.16,5,0.2,1,0.11,0.2,0.022,6,0.2,1.2,0,0.2,0,2.6,2.686,1.2,0.5,1.6116
598,-0.958,-1.194,2.167,5.779,55.57,8,0,0.2,0,0,0.2,0,0,5,0.2,1,0,0.2,0,2,0.2,0.4,0,0.2,0,2,1.4,0.4,0.5,0.28
414,-0.363,-2.307,-1.471,-4.536,1.85,19,2.81,0.6,1.686,0.11,0.2,0.022,2.92,5,0.2,1,19.45,0.6,11.67,6,0.2,1.2,0,0.2,0,3.2,15.578,1.2,0.5,9.3468
392,-0.127,-2.829,-2.15,-5.274,1.85,8,13.15,0.6,7.89,1.63,0.4,0.652,14.78,5,0.2,1,1.19,0.2,0.238,4,0.2,0.8,0,0.2,0,3.2,10.58,0.8,0.5,4.232
210,-0.539,-0.406,-3.235,-1.156,2.72,5,3.5,0.6,2.1,16.09,0.6,9.654,19.59,5,0.2,1,5.03,0.4,2.012,2,0.2,0.4,0,0.2,0,3.8,15.166,0.4,0.5,3.0332
281,0.212,-2.056,-1.576,-0.843,2.37,13,2.59,0.6,1.554,0.66,0.2,0.132,3.25,5,0.2,1,1.28,0.2,0.256,2,0.2,0.4,0,0.2,0,2.4,3.342,0.4,0.5,0.6684
86,0.58,0.1,-4.709,-4.369,3.89,9,8.46,0.6,5.076,72.76,0.6,43.656,81.22,5,0.2,1,1.4,0.2,0.28,2,0.4,0.8,2,0.6,1.2,4.2,52.012,2,0.5,52.012
29,-0.918,-1.073,-2.458,-3.173,3.89,14,0,0.2,0,1.03,0.2,0.206,1.03,5,0.2,1,0,0.2,0,2,0.2,0.4,0,0.2,0,2,1.606,0.4,0.5,0.3212
346,-0.344,1.993,2.266,-0.218,1.99,6,0.9,0.2,0.18,0,0.2,0,0.9,5,0.2,1,1.95,0.2,0.39,2,0.2,0.4,0,0.2,0,2,1.97,0.4,0.5,0.394
610,-0.682,-2.592,0.256,-4.852,55.57,13,2.45,0.6,1.47,5.47,0.6,3.282,7.92,5,0.2,1,5.61,0.4,2.244,2,0.2,0.4,0,0.2,0,3.8,8.396,0.4,0.5,1.6792
126,-0.808,-2.91,0.671,-4.877,3.41,12,25.4,0.6,15.24,51.74,0.6,31.044,77.14,5,0.2,1,12.67,0.6,7.602,6,0.2,1.2,2,0.6,1.2,4.8,57.286,2.4,0.5,68.7432
72,0.237,-0.789,0.077,-3.141,3.89,8,10,0.6,6,74.26,0.6,44.556,84.26,5.5,0.4,2.2,11.16,0.6,6.696,2,0.2,0.4,3,0.6,1.8,4.8,61.652,2.2,0.5,67.8172
769,-0.295,1.079,-1.14,-4.883,55.57,16,0.47,0.2,0.094,0.37,0.2,0.074,0.84,5,0.2,1,0,0.2,0,2,0.2,0.4,0,0.2,0,2,1.568,0.4,0.5,0.3136
11,-0.096,-3.189,-3.002,-0.162,3.89,8,5.43,0.6,3.258,10.77,0.6,6.462,16.2,5,0.2,1,4.42,0.2,0.884,2,0.2,0.4,0,0.2,0,3.6,12.004,0.4,0.5,2.4008
169,-0.705,-0.027,-0.171,2.495,3.41,8,3.08,0.6,1.848,60.78,0.6,36.468,63.86,5,0.2,1,0.36,0.2,0.072,2,0.2,0.4,0,0.2,0,3.6,39.788,0.4,0.5,7.9576
282,-0.59,0.403,1.478,1.549,2.37,22,2.39,0.6,1.434,7.72,0.6,4.632,10.11,5,0.2,1,5.42,0.4,2.168,2,0.2,0.4,1,0.4,0.4,4,10.034,0.8,0.5,4.0136
680,0.608,-3.496,-3.513,-2.293,55.57,9,0.26,0.2,0.052,0.0021,0.2,0.00042,0.2621,5,0.2,1,0,0.2,0,2,0.2,0.4,0,0.2,0,2,1.45242,0.4,0.5,0.290484
682,0.184,-1.572,-2.622,-4.267,55.57,11,0.98,0.2,0.196,0,0.2,0,0.98,5,0.2,1,0,0.2,0,2,0.2,0.4,0,0.2,0,2,1.596,0.4,0.5,0.3192
565,0.544,0.737,-1.231,-3.941,59.85,7,0.29,0.2,0.058,0,0.2,0,0.29,5,0.2,1,0.04,0.2,0.008,2,0.2,0.4,0,0.2,0,2,1.466,0.4,0.5,0.2932
165,-0.787,-0.944,1.203,-6.289,3.41,19,0.31,0.2,0.062,58.12,0.6,34.872,58.43,5,0.2,1,78.98,0.6,47.388,2,0.4,0.8,0,0.2,0,3.8,84.122,0.8,0.5,33.6488
154,-0.917,-2.766,-0.49,-7.569,3.41,9,17.26,0.6,10.356,44.22,0.6,26.532,61.48,5,0.2,1,27.68,0.6,16.608,2,0.2,0.4,1,0.4,0.4,4.2,55.296,0.8,0.5,22.1184
529,-0.751,-0.307,-0.199,-5.316,21.61,43,0.52,0.2,0.104,0.68,0.2,0.136,1.2,5,0.2,1,0,0.2,0,2,0.2,0.4,0,0.2,0,2,1.64,0.4,0.5,0.328
647,0.514,-2.018,-1.53,-1.972,55.57,36,0.8,0.2,0.16,0,0.2,0,0.8,5,0.2,1,0,0.2,0,2,0.2,0.4,0,0.2,0,2,1.56,0.4,0.5,0.312
648,-0.592,-2.363,0.485,-1.992,55.57,5,0,0.2,0,0,0.2,0,0,5,0.2,1,0,0.2,0,2,0.2,0.4,0,0.2,0,2,1.4,0.4,0.5,0.28
370,-0.6,0.035,-1.702,-5.054,1.99,8,1.14,0.4,0.456,0,0.2,0,1.14,5,0.2,1,41.82,0.6,25.092,2,0.2,0.4,0,0.2,0,2.6,26.948,0.4,0.5,5.3896
267,-0.224,-0.186,-3.914,-4.954,2.72,32,0.84,0.2,0.168,0,0.2,0,0.84,5,0.2,1,8.21,0.4,3.284,2,0.2,0.4,0,0.2,0,2.2,4.852,0.4,0.5,0.9704
367,-0.667,-1.867,0.855,-0.718,1.99,12,0.43,0.2,0.086,0,0.2,0,0.43,5,0.2,1,13.54,0.6,8.124,2,0.2,0.4,0,0.2,0,2.4,9.61,0.4,0.5,1.922
324,-0.742,-0.793,-2.74,-0.9,2.37,5,1.54,0.4,0.616,0.46,0.2,0.092,2,5,0.2,1,0.57,0.2,0.114,2,0.2,0.4,0,0.2,0,2.2,2.222,0.4,0.5,0.4444
229,0.278,-0.873,-1.738,-0.718,2.72,19,2.19,0.6,1.314,0.68,0.2,0.136,2.87,5,0.2,1,28.4,0.6,17.04,2,0.2,0.4,0,0.2,0,2.8,19.89,0.4,0.5,3.978
270,-0.708,-2.78,2.149,-1.79,2.72,5,0,0.2,0,0.28,0.2,0.056,0.28,5,0.2,1,0,0.2,0,2,0.2,0.4,0,0.2,0,2,1.456,0.4,0.5,0.2912
122,-0.921,-1.241,-3.74,1.516,3.41,27,1.41,0.4,0.564,36.16,0.6,21.696,37.57,5,0.2,1,13.05,0.6,7.83,2,0.6,1.2,0,0.2,0,4.2,32.29,1.2,0.5,19.374
404,-0.502,-0.199,-0.459,-2.834,1.85,31,2.48,0.6,1.488,0,0.2,0,2.48,5,0.2,1,0,0.2,0,2,0.2,0.4,0,0.2,0,2.4,2.888,0.4,0.5,0.5776
407,0.351,-0.749,-3.798,-8.664,1.85,43,2.49,0.6,1.494,0.29,0.2,0.058,2.78,5,0.2,1,0.49,0.2,0.098,2,0.2,0.4,0,0.2,0,2.4,3.05,0.4,0.5,0.61
701,0.332,0.133,-3.132,-6.519,55.57,8,0,0.2,0,0,0.2,0,0,5,0.2,1,0,0.2,0,2,0.2,0.4,0,0.2,0,2,1.4,0.4,0.5,0.28
478,-0.167,-2.043,-1.299,-0.713,1.85,14,2.2,0.6,1.32,0.28,0.2,0.056,2.48,5,0.2,1,0,0.2,0,2,0.2,0.4,0,0.2,0,2.4,2.776,0.4,0.5,0.5552
311,-0.427,-2.679,-4.541,-9.436,2.37,19,0.51,0.2,0.102,0.47,0.2,0.094,0.98,5,0.2,1,0,0.2,0,2,0.2,0.4,0,0.2,0,2,1.596,0.4,0.5,0.3192
461,-0.151,-0.463,-1.085,-0.768,1.85,22,3.92,0.6,2.352,1.08,0.4,0.432,5,5,0.2,1,0,0.2,0,2,0.2,0.4,0,0.2,0,3,4.184,0.4,0.5,0.8368
675,0.788,-1.394,-1.701,-0.758,55.57,9,0,0.2,0,0,0.2,0,0,5,0.2,1,0,0.2,0,2,0.2,0.4,0,0.2,0,2,1.4,0.4,0.5,0.28
75,0.308,-0.163,-3.518,-2.105,3.89,29,0,0.2,0,0.96,0.2,0.192,0.96,5,0.2,1,1.35,0.2,0.27,2,0.2,0.4,0,0.2,0,2,1.862,0.4,0.5,0.3724
752,-0.253,-0.679,-1.026,-0.725,55.57,21,1.07,0.4,0.428,0,0.2,0,1.07,5,0.2,1,0,0.2,0,2,0.2,0.4,0,0.2,0,2.2,1.828,0.4,0.5,0.3656
299,0.695,-0.18,-2.204,-5.411,2.37,28,1.31,0.4,0.524,0.12,0.2,0.024,1.43,5.5,0.4,2.2,0,0.2,0,6,0.2,1.2,0,0.2,0,3,3.948,1.2,0.5,2.3688
262,-0.101,-2.113,-3.947,-2.613,2.72,19,0,0.2,0,0,0.2,0,0,5,0.2,1,0,0.2,0,2,0.2,0.4,0,0.2,0,2,1.4,0.4,0.5,0.28
753,0.665,-1.798,0.814,-1.489,55.57,25,0,0.2,0,0,0.2,0,0,5,0.2,1,0,0.2,0,2,0.2,0.4,0,0.2,0,2,1.4,0.4,0.5,0.28
278,0.541,-1.701,1.306,-6.142,2.37,16,2.21,0.6,1.326,5.21,0.6,3.126,7.42,5,0.2,1,3.43,0.2,0.686,2,0.2,0.4,0,0.2,0,3.6,6.538,0.4,0.5,1.3076
253,0.649,-0.949,-5.718,-4.651,2.72,9,0.96,0.2,0.192,0,0.2,0,0.96,5,0.2,1,0,0.2,0,2,0.2,0.4,0,0.2,0,2,1.592,0.4,0.5,0.3184
540,-0.426,-2.674,-4.151,-6.642,59.85,4,0.27,0.2,0.054,0,0.2,0,0.27,5,0.2,1,16.09,0.6,9.654,2,0.2,0.4,0,0.2,0,2.4,11.108,0.4,0.5,2.2216
668,-0.363,-2.011,-4.08,2.864,55.57,19,1.07,0.4,0.428,0.16,0.2,0.032,1.23,5,0.2,1,0,0.2,0,2,0.2,0.4,0,0.2,0,2.2,1.86,0.4,0.5,0.372
720,0.388,-2.296,-0.818,-1.887,55.57,9,0.71,0.2,0.142,0.25,0.2,0.05,0.96,5,0.2,1,0,0.2,0,2,0.2,0.4,0,0.2,0,2,1.592,0.4,0.5,0.3184
631,-0.473,-2.311,-2.549,-2.275,55.57,8,0.68,0.2,0.136,0,0.2,0,0.68,5,0.2,1,0,0.2,0,4,0.2,0.8,0,0.2,0,2.2,1.936,0.8,0.5,0.7744
110,-0.068,-0.591,-3.671,-3.183,3.89,13,0,0.2,0,0.06,0.2,0.012,0.06,5,0.2,1,0,0.2,0,2,0.2,0.4,0,0.2,0,2,1.412,0.4,0.5,0.2824